{
  "Air temperature [K]": 300.00545,
  "Process temperature [K]": 310.0060625,
  "Rotational speed [rpm]": 1539.356875,
  "Torque [Nm]": 40.0033625,
  "Tool wear [min]": 107.685,
  "Type": 0.494875
}